{"ddos-v1":{"ip":"qay9Mqzlrz2cilAG4fS0Gkeov4V4sBWxAhZMhFvYfIHw2oqUMcwyQDha1tTrg6eTExz4Sq\/F\/xvyY5AhbtGecA==","login":"eZY7g7JINdCvi9q0DHehSZ8obT6JFNOyf6YnNIjqT11DfgS6lbeyJkYw+UszT2fqDp3FRoqpkwvn4741w4UYNQ==","port":"WqDMbZN69dTp4zCrFniHuHywIdcqOeA45ECGw9dIiNi57b3JBMUR3zj\/h4Gk+Sx3o5+zshwTC3t7EHpXXLxE+g==","password":"ZtcbmLDh56nUGfQQXoPHgVQAh7mNXV321groqu62sW+nK3tCF2gcrbMi5e22g9Gn34TJUPXVzFkelQhpmZQisw=="},"ddos-v2":{"ip":"0lRftEBM4cEbU8WSCGzT4o\/zPepD5V6fo0TSq8RA8dMc78GyaDUX2wu6NrulQuvkAhgtOE9LXhZyqOE9Sq+S4g==","login":"L7xPaW9jmGiyhVouToW3LdG\/b4nvUBb5Ga80aOkNaKHwsliwvxa0lrkDyvlyGQD2n+tqHQxYddpZK3hcn1tW\/Q==","port":"jjSYZBrykFM69QMUYhGu5EkUghP+CmQYVr3xZcJiDbyez7mKij4MX6xMnoieFmM2DGT9hhM7Odh6BFaFse7UKA==","password":"OdzCnAga+ikMShADyZTmPTaafOOY7hYL52SQPPxYm5kGyFJJxS8FAUW7cDJgx4Y1FhQlQUExu7W9scq\/W1ojaw=="}}