{
    "5472127833": {
        "username": "rezar4ik",
        "token": "N191eOXtWyPno5jA",
        "date": "05-09-2024"
    },
    "6080490144": {
        "username": "zlogger_pro",
        "token": "7zPhfAhCmtZbQpfT",
        "date": "06-09-2024"
    },
    "7265983090": {
        "username": "gsdfksgdf",
        "token": "Ls33WvLzo8ToDyIQ",
        "date": "29-09-2024"
    },
    "1104573654": {
        "username": "Xone12",
        "token": "d09PGViZVkXqEXFv",
        "date": "05-10-2024"
    }
}